AAK.ST	AarhusKarlshamn AB
ABB.ST	ABB Ltd.
ACAD-B.ST	AcadeMedia AB
ACAN-B.ST	Acando AB
ACAP-A.ST	ACAP Invest AB
ACAP-B.ST	ACAP Invest AB
ACCE-B.ST	Accelerator Nordic AB
ACOM.ST	A-Com AB
ACTI.ST	Active Biotech AB
ADDT-B.ST	Addtech AB
ADDV.ST	AddVise Inredning Skyddsven
AERO-B.ST	Aerocrine AB
AF-B.ST	AF AB
AFFS-B.ST	Affarsstrategerna
AGIS.ST	AGELLIS GROUP
ALFA.ST	Alfa Laval AB
ALIV-SDB.ST	Autoliv
ALM.ST	ALM EQUITY -A-
ALME.ST	ALBIN METALS
ALNX.ST	ALLENEX -B-
ALOK-B.ST	ALLOKTON -B-
ALPA.ST	Alpcot Agro AB
ALPH.ST	ALPHAHELIX MOLE DIA
AMH2-B.ST	AMHULT 2 -B-
ANNE.ST	ANNEHEM FASTIGHETER
ANOD-B.ST	AddNode AB
ANOT.ST	Anoto Group Ab
AQ.ST	AROS QUALITY GROUP
AQER.ST	AQERI HOLDING
AQLV.ST	AQUALIV
ARCH-B.ST	ARCHELON MINERA -B-
ARCHERO.ST	ARCHER
ARP.ST	ARCTIC PAPER
ARTI-B.ST	Artimplant AB
ASP.ST	Aspiro AB
ASSA-B.ST	Assa Abloy AB
ATCO-A.ST	Atlas Copco AB
ATCO-B.ST	Atlas Copco AB
ATEL.ST	ALLTELE ALLM SVENSK
ATI.ST	AQUA TERRENA INTL
ATO-B.ST	ALTERO -B-
AUDV-B.ST	Audiodev Ab
AUH.ST	AU HOLDING
AVEG-B.ST	AVEGA GROUP -B-
AVON.ST	AVONOVA SVERIGE
AVT-B.ST	AVITECH SWE-B-
AXFO.ST	Axfood Ab
AXIS.ST	Axis AB
AZA.ST	Avanza AB
AZN.ST	AstraZeneca PLC
BAHN-B.ST	BAHNHOF -B-
BALD-B.ST	Fastighets AB Balder
BBTO-B.ST	B&B Tools AB
BEF-SDB.ST	BLACK EARTH FA SDB
BEGR.ST	BE Group AB
BEIA-B.ST	Beijer Alma AB
BEIJ-B.ST	G & L Beijer AB
BEIN-B.ST	BESTIN PREPACK -B-
BELE.ST	Beijer Electronics AB
BEO-SDB.ST	BEOWULF MIN SDB
BETS-B.ST	Betsson AB
BIAP-A.ST	Biosensor Applications Sweden AB
BIAP-BTA-A.ST	BIOSENSOR -A- I13
BILI-A.ST	Bilia AB
BILL.ST	Billerud AB
BINV.ST	Bioinvent International Ab
BIOG-B.ST	BioGaia AB
BIOP.ST	BioPhausia AB
BIOT.ST	BIOTAGE
BLIN.ST	Biolin Ab
BLIT.ST	ECO BYGGOLIT
BMIM.ST	B&M IMPEX
BOL.ST	Boliden AB
BONG.ST	Bong Ljungdahl AB
BORE.ST	Bore Tech AB
BORG-IL.ST	BJORN BO RED PFD
BORG.ST	Bjorn Borg AB
BOUL.ST	BOULE DIAGNOSTICS
BRE2.ST	BREDBAND2 I SKANDI
BRG-B.ST	Bergs Timber AB
BRG-BTA-B.ST	BERGS TIMB B I12/1
BRIN-B.ST	Brinova Fastigheter AB
BRIO-B.ST	Brio AB
BROB.ST	Brostrom AB
BTS-B.ST	BTS Group AB
BURE.ST	Bure Equity AB
BWL.ST	Bringwell International AB
CAMP.ST	NCS NORDIC CAMPING
CAOI.ST	CAUCASUS OIL
CAPE.ST	CAPERIO HOLDING
CAPL.ST	CATERING PL I SKAND
CARD.ST	Cardo AB
CAST.ST	Castellum AB
CAT-A.ST	Catella AB
CAT-B.ST	Catella AB
CATE.ST	Catena AB
CATH-B.ST	CATECH -B-
CBA.ST	CYBAERO
CCOR-B.ST	Concordia Maritime AB
CE-BTA-2.ST	CORTUS ENERGYI13/2
CE.ST	CORTUS ENERGY
CEAB-TR.ST	COMM ENT SVE RTS
CEAB.ST	COMM ENT SVENSKA
CEFO-B.ST	CEFOUR -B-
CEFO-BTA-B.ST	CEFOUR -B- I12
CEVI.ST	CELLAVISION
CFAB.ST	Fazer Konfektyr Service AB
CHAL-B.ST	Challenger Mobile AB
CHAL-BTA-B.ST	CHALLENGMOB -B- I12
CHEM-B.ST	Biotech-IgG AB
CHER-B.ST	CHERRYFORETAGEN -B-
CI-B.ST	CELL IMPACT -B-
CLA-B.ST	CLOETTA -B-
CLAS-B.ST	Clas Ohlson AB
CLASB.ST	Clas Ohlson Ab
CLHO.ST	CARL LAMM HLDGN
CLS-B.ST	CLINICAL LASER -B-
CNTA.ST	Connecta AB
COA.ST	Coastal Contacts Inc.
COIL-BTA.ST	SVENSKA CAP I08
COIL.ST	SVENSKA CAPITAL OIL
CONP-A.ST	CONPHARM -A-
CONP-B.ST	CONPHARM -B-
CONPA.ST	CONPHARM -A-
CONPB.ST	CONPHARM -B-
CONS-B.ST	Consilium AB
CONSB.ST	Consilium AB
COOL-B.ST	COOLGUARD -B-
CPNT.ST	CELLPOINT CONNECT
CRAD-B.ST	C-RAD -B-
CRED-A.ST	CREADES -A-
CSN.ST	Cision AB
CTEC.ST	ChronTech Pharma AB
CTT.ST	Ctt Systems
CYBE.ST	Cybercom Group Europe Ab
CZON-B.ST	Cryptzone Group AB
CZON-BTA-B.ST	CRYPTZONE -B- I08
DAG.ST	Dagon AB
DEFL-B.ST	DEFLAMO -B-
DEVI.ST	DEVICOM
DGC.ST	DGCONE
DIAH.ST	DIADROM HOLDING
DIAM-B.ST	Diamyd Medical AB
DIAMB.ST	Diamyd Medical AB
DIBS.ST	DIBS PAYMENT SERV
DIN.ST	Din Bostad Sverige AB
DIOS.ST	Dios Fastigheter AB
DNET.ST	DO NETWORKS SVERIGE
DONE.ST	DONE MGT AND SYST A
DORO.ST	Doro AB
DRIL.ST	Drillcon AB
DUNI.ST	Duni AB
DURC-B.ST	Duroc AB
DURCB.ST	Duroc AB
DV-BTA-1.ST	DIGITAL VISIO I09/1
DV.ST	Digital Vision AB
ECEX.ST	EAST CAPITAL EXPLOR
ECO-B.ST	ECORUB -B-
EDIC-B.ST	EDI COMP
EFFN.ST	Effnet Holding AB
EKTA-B.ST	Elekta AB
EKTAB.ST	Elekta AB
ELAN-B.ST	Elanders AB
ELAN-BTA-B.ST	ELANDERS -B- I07
ELANB.ST	Elanders AB
ELEC.ST	Electra Gruppen AB
ELGR-B.ST	Elektronik Gruppen AB
ELN.ST	ELLEN
ELOS-B.ST	Elos AB
ELU4B-200SWE.ST	ELUXB/SWEDBK WTS 14
ELU4K-185SWE.ST	ELUXB/SWEDBK WTS 14
ELUX-A.ST	Electrolux AB
ELUX-B.ST	Electrolux AB
ELUXA.ST	ELECTROLUX -A-
ELUXB.ST	Electrolux AB
ELV.ST	ELVERKET VALLENTUNA
EMP-B.ST	Empire AB
EMTR.ST	Emitor Holding AB
ENDO.ST	ENDOMINES
ENEA.ST	Enea Ab
ENJO-B.ST	ENJOY GROUP -B-
ENRO.ST	Eniro AB
ENT-B.ST	ENTRACTION HOLD -B-
EOLU-B.ST	EOLUS VIND -B-
EOS.ST	ENERGYO SOL RUSSIA
EPCT.ST	EpiCept Corp
EPIS-B.ST	EPISURF MEDICAL -B-
ERI4K-115SWE.ST	ERICB/SWEDBK WTS 14
ERIC-A.ST	Ericsson Telephone Company
ERIC-B.ST	Ericsson Telephone Company
EUCI.ST	EUROCINE VACCINES
EURI-B.ST	EUR INST SCIENCE-B-
EURI-BTA-B.ST	EU INST SCIEN B
EURI-TR-B.ST	EU INST SCIEN RTS12
EURO.ST	EUROCON CONSULTING
EVIP-A.ST	EUROVIP GROUP -A-
EVIP-B.ST	EUROVIP GROUP -B-
EXPAB.ST	Lammhults Design Group AB
FABG.ST	Fabege AB
FAG.ST	Fagerhult AB
FATV-BTA.ST	FASTTV NET I07
FATV.ST	FASTTV NET
FEEL.ST	Feelgood Svenska Ab
FHEM-B.ST	FORSHEM GROUP -B-
FING-B.ST	Fingerprint Cards AB
FINGB.ST	Fingerprint Cards AB
FINM-B.ST	FINMETRON -B-
FIRE.ST	FIREFLY
FIX-B.ST	Fenix Outdoor AB
FIXB.ST	Fenix Outdoor Ab
FOHF-B.ST	FORSSTROM H.FR. -B-
FOHFB.ST	FORSSTROM H.FR. -B-
FOLL.ST	FOLLOWIT HOLDING
FORE-B.ST	Forestlight Studio AB
FPAR.ST	Fast Partner Ab
FPIP.ST	FormPipe Software AB
FRAG-B.ST	FRAGUS GROUP -B-
FROO.ST	Frontline
FUND-TR.ST	FUNDIOR RTS 12
FUND.ST	FUNDIOR
G5EN.ST	G5 ENTERTAINMENT
GENI.ST	GENERIC SWEDEN
GENL.ST	GENLINE HLDGN
GENO.ST	GENOVIS
GET4K-280SWE.ST	GTN/SWEDBK WTS 14
GETI-B.ST	Getinge AB
GETIB.ST	Getinge AB
GFUN.ST	GLOBALFUN
GGF.ST	GLOB GAMING FACT X
GHP.ST	GLOB HEALTH PARTNER
GHUS-B.ST	GOTENEHUS GROUP -B-
GIFT.ST	GIFTTODAY
GIM.ST	GETUPDATED INT MKT
GJAB.ST	GULLBERG & JANS
GJFO.ST	GJENSIDIGE FORSIKRI
GOGLO.ST	Golden Ocean Group Limited
GULD.ST	GULD INVEST NORDEN
GUNN.ST	Gunnebo AB
GVKO-B.ST	Geveko AB
GVKOB.ST	Geveko AB
H1-B.ST	H1 COMMUNICATIO -B-
HAKN.ST	Hakon Invest AB
HAM-B.ST	Hammar Invest AB
HAV-B.ST	Havsfrun AB
HAVB.ST	Havsfrun Investment AB
HBY-B.ST	HAMMARBY BANDY -B-
HEBA-B.ST	FAST. HEBA-B-
HEBAB.ST	HEBA Fastighets AB
HEDS.ST	HEDSON TECH INTERNA
HEMX.ST	Hemtex AB
HEXA-B.ST	Hexagon AB
HEXAB.ST	Hexagon AB
HIFA-B.ST	Hifab Group AB
HIQ.ST	HiQ International AB
HL-B.ST	HL Display AB
HLB.ST	HL Display AB
HLDX.ST	Haldex Group AB
HM-B.ST	HENNES&MAURITZ -B-
HMB.ST	Hennes & Mauritz AB
HMB3H-260SWE.ST	HMB/SWEDBK WTS 13
HMB3H-300SWE.ST	HMB/SWEDBK WTS 13
HMED.ST	HANSA MEDICAL
HMS.ST	HMS Networks AB
HOB-B.ST	HEART OF BRANDS -B-
HOGA-B.ST	Hoganas AB
HOGAB.ST	Hoganas
HOLM-A.ST	Holmen AB
HOLM-B.ST	Holmen AB
HOLMA.ST	HOLMEN -A-
HOLMB.ST	Holmen Ab
HOME-B.ST	HOMEMAID -B-
HOPR.ST	Home Properties AB
HPOL-B.ST	Hexpol AB
HQ.ST	HQ AB
HUFV-A.ST	Hufvudstaden AB
HUFV-C.ST	Hufvudstaden AB
HUFVA.ST	Hufvudstaden Ab
HUMA.ST	Human Care HC Ab
HUSQ-A.ST	Husqvarna AB
HUSQ-B.ST	Husqvarna AB
IBS-B.ST	IBS AB
IBSB.ST	IBS AB
ICAP.ST	ICT NORD FASTIG
ICM.ST	ICM KUNGSHOLM
ICTA-B.ST	Intellecta AB
IDL-B.ST	IDL Biotech AB
IFS-A.ST	Industrial & Financial Systems AB
IFS-B.ST	Industrial & Financial Systems AB
IFSA.ST	INDUSTRIAL AND FINANCIAL SYSTEMS IFS AB
IFSB.ST	Industrial & Financial Sy
IJ.ST	Intrum Justitia AB
IMPC.ST	Impact Coatings AB
IMSG.ST	INTL MARK & SALES
INDT.ST	Indutrade Ab
INDU-A.ST	IND.VAERDEN -A-
INDU-C.ST	IND.VAERDEN -C-
INDUA.ST	Industrivarden
INDUC.ST	INDUSTRIVAERDEN AB
INPH.ST	INNATE PHARMACEUTIC
INRS-B.ST	INRIS MOBILE -B-
INTO-B.ST	Intoi AB
INTS.ST	INTIUS
INVE-A.ST	Investor AB
INVE-B.ST	Investor AB
INVEA.ST	INVESTOR -A-
INVEB.ST	Investor AB
IPL.ST	INSPLANET
ITAB-B.ST	ITAB Shop Concept AB
JEEV.ST	Jeeves Informations System
JELL.ST	JELLO
JLT.ST	Jlt Mobile Computers Ab
JM.ST	JM AB
KABE-B.ST	KABE Husvagnar AB
KABEB.ST	Kabe Husvagnar
KAHL-IL.ST	KAPPAHL HLDG RED.
KAHL.ST	KappAhl Holding AB
KAN-TR.ST	KANCERA RTS 12
KARO.ST	Karo Bio AB
KDEV.ST	KAROL DEVEL -B-
KINV-A.ST	KINNEVIK INV. -A-
KINV-B.ST	KINNEVIK INV. -B-
KLED-IL.ST	KUNGSLEDEN RED.
KLED.ST	Kungsleden AB
KLIC-B.ST	KLICK DATA -B-
KLOV.ST	Klovern Ab
KMIN-B.ST	Kopparberg Mineral AB
KNOW.ST	Know IT AB
KOAO.ST	KONGSB AUTOM HOLD
KRKB.ST	STAVRULLEN -B-
KWALB.ST	KINDWALLS BIL -B-
LABS.ST	Labs2 Group AB
LAGR-B.ST	Lagercrantz Group AB
LAGRB.ST	Lagercrantz Group AB
LAMM-B.ST	Lammhults Design Group AB
LATF-B.ST	LATVIAN FOREST -B-
LATO-A.ST	LATOUR INVEST -A-
LATO-B.ST	Investment AB Latour
LATOA.ST	LATOUR INVESTMENT AB
LATOB.ST	Investment Ab Latour
LBI.ST	LBI International AB
LEDS-B.ST	Ledstriernan
LEDSB.ST	Ledstriernan
LIAB.ST	LINDAB INTERNAT.
LINE-B.ST	LINEAR -B-
LJGR-B.ST	Atrium Ljungberg AB
LJGRB.ST	Atrium Ljungberg AB
LLSW-B.ST	LIGHTLAB SWEDEN -B-
LMED.ST	LinkMed AB
LOOM-B.ST	Loomis AB
LOVI.ST	LOVISAGRUVAN
LUCE.ST	LUCENT OIL
LUMI-SDB.ST	Lundin Mining Corp
LUND-B.ST	L E Lundbergforetagen AB
LUNDB.ST	Lundbergforetagen
LUPE.ST	Lundin Petroleum AB
LUVA.ST	Avensia Innovation AB
LUXO-SDB.ST	Luxonen S.A.
LWSN.ST	Lawson Software Inc
LYYN.ST	LYYN
MACK-B.ST	MACKMYRA WHISKY -B-
MAHL.ST	MAHLER INTERNATIONA
MAXP.ST	MAXPEAK
MCAB-SDB.ST	MYCAB INTERNAT SDR
MCRO.ST	Micro Holding AB
MEAB-B.ST	Malmbergs Elektriska AB
MEABB.ST	Malmbergs Elektriska
MEDA-A.ST	Meda AB
MEDAA.ST	Meda AB
MEDF.ST	MEDFIELD DIAGN
MEDR-B.ST	MEDIRATT -B-
MEKO.ST	Mekonomen AB
MEKOB.ST	Mekonomen AB
MELK.ST	Melker Schorling AB
MEPR.ST	MEDIAPROVIDER SCA
MIC-SDB.ST	MILLICOM INT. CELL
MICR.ST	Micronic Mydata AB
MIDW-A.ST	Midway Holding AB
MIDW-B.ST	Midway Holding AB
MIDWB.ST	Midway Holding
MII.ST	MINERAL INVEST INTL
MIR.ST	MIRIS HOLDING
MMG.ST	MOBICARD MEDIA
MOBI-SD.ST	MOBILE LOYALTY SDR
MOBS.ST	MOBISPINE
MOBY.ST	Mobyson AB
MOD1.ST	Modul 1 Data AB
MORP-B.ST	Morphic Technologies AB
MPEN.ST	MEDICPEN
MROX-A.ST	MEDIROX -A-
MROX-B.ST	MEDIROX -B-
MSAB-B.ST	MICRO SYSTEM -B-
MSC-B.ST	MSC Konsult AB
MSCB.ST	MSC Konsult AB
MSON-A.ST	Midsona AB
MSON-B.ST	Midsona AB
MTG-A.ST	Modern Times Group MTG AB
MTG-B.ST	Modern Times Group MTG AB
MTGA.ST	MODERN TIMES GROUP AB
MTGB.ST	MTG (Modern Times Group)
MTRO-SDB-A.ST	METRO INTL SDR -A-
MTRO-SDB-B.ST	Metro Intl
MTRS.ST	Munters AB
MULQ.ST	Multiq International AB
MVIR-B.ST	Medivir AB
MVIRB.ST	Medivir AB
NAXS.ST	NAXS NORD ACCESS FD
NCAS-B.ST	NOVACAST -B-
NCC-A.ST	NCC AB
NCC-B.ST	NCC AB
NCCA.ST	NCC AB
NCCB.ST	NCC -B-
NDA-SEK.ST	Nordea Bank AB
NDIQ.ST	NORDIQ GOTEBORG
NEO-IL-1.ST	NEONET -B- RED 08/1
NEO-IL-2.ST	NEONET -B- RED.08/2
NEO.ST	NeoNet AB
NET-B.ST	Net Entertainment NE AB
NETI-B.ST	Net Insight AB
NETIB.ST	Net Insight AB
NETR.ST	Netrevelation AB
NEWA-B.ST	New Wave Group AB
NEWAB.ST	New Wave Group AB
NEXU.ST	Technology Nexus AB
NHYO.ST	Norsk Hydro ASA
NIBE-B.ST	NIBE IND.-B-
NIBEB.ST	Nibe AB
NILG-B.ST	Nilorngruppen
NILGB.ST	Nilorngruppen
NISC-B.ST	Niscayah Group AB
NMAN.ST	NEDERMAN HOLDING
NN-B.ST	Nordnet AB
NNB.ST	Nordnet Ab
NNH.ST	NEW NORD HEALTHBRAN
NOBI.ST	Nobia AB
NOCMB.ST	Intoi AB
NODO.ST	NORDIC SEMICONDUCTO
NOFO.ST	NORTHERN OFF (BERM)
NOK1V.ST	Nokia Oyj
NOKI-SEK.ST	Nokia Oyj
NOLA-B.ST	Nolato AB
NOLAB.ST	Nolato AB
NOMI-TR.ST	NORDIC MINES RTS 12
NOMI.ST	Nordic Mines AB
NON.ST	Netonnet Ab
NOTE.ST	Note AB
NOVE.ST	Novestra AB
NOVU.ST	NOVUS GROUP INTL
NSGO.ST	Norske Skogindustrier ASA
NSP-B.ST	Nordic Service Partners Holding AB
NTEK-B.ST	Novotek AB
NTEKB.ST	Novotek AB
NVP.ST	NEUROVIVE PHARMA
OASM-BTA.ST	OASMIA I12/1
OASM.ST	Oasmia Pharmaceutical AB
ODD.ST	Odd Molly International AB
ODEN.ST	ODEN CONTROL
ODENB.ST	ODEN CONTROL -B-
OEM-B.ST	OEM International AB
OEMB.ST	OEM International AB
OFAB.ST	ONSKEFOTO
OLDM.ST	Old Mutual Plc
ONE.ST	ONE MEDIA NETWORK
OPCO-BTA.ST	OPCON I12
OPCO.ST	Opcon AB
OPUS.ST	OPUS Prodox AB
ORC.ST	ORC Software AB
ORES.ST	Investment Ab Oresund
ORI-SDB.ST	Oriflame Cosmetics SA
ORKO.ST	Orkla
ORTI-A.ST	Ortivus AB
ORTI-B.ST	Ortivus AB
ORTIB.ST	Ortivus AB
ORX.ST	Orexo AB
OS.ST	OraSolv AB
OXGN.ST	Oxigene
PACT.ST	Proact IT Group AB
PALS-B.ST	PALLAS GROUP -B-
PAR-BTA-A.ST	PA RES -A- I13/1
PAR-SEK.ST	PA Resources AB
PAR-TR-A.ST	PA RES RTS 13/A
PAR-TR-B.ST	PA RES RTS 13/B
PARA-BTA.ST	PARANS SOLAR
PART.ST	PartnerTech AB
PCOM-B.ST	PRECOMP SOLUTI -B-
PDXE.ST	Paradox Entertainment AB
PEAB-B.ST	Peab AB
PEABB.ST	PEAB AB
PFE.ST	Pfizer
PHAL.ST	PHARMALUNDENSIS
PHON.ST	Phonera AB
PIL-B-BTA.ST	PILUM -B- I12
PIL-B.ST	PILUM -B-
PIL-BTA1-B.ST	PILUM -B- I08
POOL-B.ST	Poolia AB
POOLB.ST	Poolia AB
PRCO-B.ST	PRECIO SYS -B-
PREC.ST	Precise Biometrics Ab
PREV-B.ST	Prevas AB
PREVB.ST	Prevas AB
PRIC-B.ST	Pricer AB
PRICB.ST	Pricer AB
PROB.ST	Probi Ab
PROE-B.ST	Proffice AB
PROEB.ST	Proffice AB
PROF-B.ST	ProfilGruppen AB
PROFB.ST	Profil gruppen
PSI-SEK.ST	PSI Group ASA
PVE.ST	PV ENTERPRISE SWED
PXXS-SDB.ST	BlackPearl Resources
QECO.ST	Questerre Energy Corporation
QFRO.ST	Q-FREE
QMED.ST	Q Med AB
RABT-B.ST	Rederi AB Transatlantic
RAIL.ST	RAILCARE GROUP
RAST.ST	Rasta Group AB
RATO-A.ST	Ratos AB
RATO-B.ST	Ratos AB
RATOA.ST	RATOS -A-
RATOB.ST	Ratos AB
RAY-B.ST	RaySearch Laboratories AB
RAYB.ST	RaySearch Laboratories AB
RBAB-B.ST	RELATION & BRAN -B-
RBET.ST	Redbet Holding AB
RCLN-B.ST	RAYCLINIC -B-
REACHO.ST	REACH SUBSEA
RECO.ST	Renewable Energy Corporation ASA
RECY-B.ST	RECYCTEC HLDG -B-
REHA-B.ST	REHACT -B-
REJL-B.ST	Rejlerkoncernen AB
RES-B.ST	RESURS CNC
REZT.ST	Rezidor Hotel Group AB
RFIG.ST	RADIO FREQ INV GRP
RLS-BTA.ST	RLS GLOBAL I12
RLS.ST	RLS GLOBAL
RNBS-BTA.ST	RNB RET&BRA I08
RNBS.ST	Rnb Retail And Brands
ROSF-B.ST	ReadSoft AB
RROS.ST	Rottneros AB
RSOF-B.ST	ReadSoft AB
RSOFB.ST	ReadSoft AB
RTIM-B.ST	Rorvik Timber AB
RTIMB.ST	Rorvik Timber Ab
RUN.ST	RUNAWARE
RURI-B.ST	RURIC -B-
RUSF.ST	RUSFOREST
SAAB-B.ST	Saab AB
SAABB.ST	Saab AB
SAEK.ST	Saki
SAFE.ST	SAFE AT SEA
SAGA-PREF.ST	SAGAX
SAGA.ST	AB Sagax
SAND.ST	Sandvik AB
SAS.ST	SAS
SBC.ST	SBC Sveriges BostadsrattsCentrum AB
SBOK.ST	SCANDBOOK
SCA-A.ST	Svenska Cellulosa AB
SCA-B.ST	SCA Sv Cellulosa
SCAA.ST	SVENSKA CELLULOSA SCA AB
SCAB.ST	SCA Sv Cellulosa
SCH-O.ST	Schibsted ASA
SCIR-B.ST	SCIROCCO -B-
SCMI-BTA-1.ST	SCANMINING I07 -1-
SCMI.ST	ScanMining AB
SCOR-A.ST	SwitchCore AB
SCOR-B.ST	SWITCHCORE -B-
SCOR.ST	Switchcore AB
SCRI-A.ST	Scribona AB
SCRI-B.ST	SCRIBONA -B-
SCRIA.ST	Scribona AB
SCRIB.ST	SCRIBONA -B-
SCV-A.ST	Scania AB
SCV-B.ST	Scania AB
SCV-IL-A.ST	SCANIA -A- RED.08
SCV-IL-B.ST	SCANIA -B- RED 08
SCVA.ST	SCANIA -A-
SDAB-B.ST	Seamless Distribution AB
SDRLO.ST	Seadrill Ltd
SEAB-B.ST	SKANSKA ENERGI -B-
SEAM-BTA.ST	SEAMLESS DISTR I12
SEAN-BTA-1.ST	SEANET MARIT I09/1
SEAN.ST	SEANET MARI COMMUN
SEB-A.ST	Skandinaviska Enskilda Banken AB
SEB-C.ST	Skandinaviska Enskilda Banken AB
SEBA.ST	S E Banken
SEBC.ST	SKANDINAVISKA ENSKILDA BANKEN
SECO-B.ST	Seco Tools AB
SECOB.ST	Seco Tools AB
SECT-B.ST	Sectra AB
SECT-IL-B.ST	SECTRA-B- REDPFD 12
SECTB.ST	Sectra AB
SECU-B.ST	Securitas AB
SECUB.ST	Securitas AB
SEMC.ST	Semcon AB
SENS.ST	Sensys Traffic AB
SERS-B.ST	SWEDE RESOURCES -B-
SEZI.ST	SENZIME
SGLD-B.ST	STUREGULD -B-
SHB-A.ST	Svenska Handelsbanken
SHB-B.ST	Svenska Handelsbanken
SHBA.ST	Svenska Handelsbanken AB
SHBB.ST	SVENSKA HANDELSBANKEN AB
SHEL-B.ST	SHELTON PETROL -B-
SIGM-B.ST	Sigma AB
SIGMB.ST	Sigma Ab
SINT.ST	Sintercast AB
SIR.ST	Svensk Internetrekrytering AB
SIVE-BTA-1.ST	SIVERS IMA I13/1
SJOH-B.ST	SPORTJOHAN -B-
SJR-B.ST	SKA JOUR & REKR -B-
SKA-B.ST	Skanska AB
SKAB.ST	Skanska AB
SKF-A.ST	SKF
SKF-B.ST	SKF
SKFA.ST	SVENSKA KULLAGERFABRIKEN SKF AB
SKFB.ST	SKF AB
SKIS-B.ST	SkiStar AB
SKISB.ST	Skistar
SKMO.ST	Skane Mollan
SMAQ-B.ST	SMARTEQ -B-
SNM.ST	SHAMARAN PETROL
SOF-B.ST	Softronic AB
SOFB.ST	Softronic AB
SOGH.ST	SELENA OIL & GAS
SONGO.ST	Songa Offshore ASA
SPAG-BTA.ST	SPAGO IMAGING I12
SPEL.ST	PSI SPELINVEST
SRAB-B.ST	SRAB SHIP B
SRBANKO.ST	AUSTEVOLL SEAFOOD
SSAB-A.ST	SSAB Corp
SSAB-B.ST	SSAB Corp
SSABB.ST	SSAB SWEDISH STEEL
STAR.ST	STARBREEZE
STAV-B.ST	STAVRULLEN FINA -B-
STE-A.ST	STORA ENSO -A-
STE-R.ST	Stora Enso Oyj
STEA.ST	STORA ENSO OYJ
STEK.ST	Skanditek
STER.ST	STORA ENSO OYJ
STIL.ST	Stille AB
STRI-B.ST	1-618 STRICT -B-
STRM-B.ST	STORMFAGELN -B-
STVA-B.ST	STAR VAULT -B-
SUBCO.ST	SUBSEA 7
SVED-B.ST	Svedbergs i Dalstorp AB
SVEDB.ST	Svedbergs i Dalstorp AB
SVIK.ST	Studsvik AB
SVOL-A.ST	Svolder AB
SVOL-B.ST	Svolder AB
SVOLA.ST	SVOLDER -A-
SVOLB.ST	Svolder AB
SWEC-A.ST	Sweco AB
SWEC-B.ST	Sweco AB
SWECA.ST	Sweco AB
SWECB.ST	SWECO -B-
SWED-A.ST	Swedbank AB
SWED-PREF.ST	SWEDBANK PRF
SWMA.ST	Swedish Match AB
SWOL-B.ST	Swedol AB
SYKA.ST	SYSTEM KAPIT SVERIG
SYSE.ST	SYSTEMSEPARATION
SYSR.ST	SYSTEMAIR
TAGM-B.ST	TagMaster AB
TAGR.ST	TRIGON AGRI
TAUR-B.ST	Taurus Energy AB
TEL2-A.ST	Tele2 AB
TEL2-B.ST	Tele2 AB
TEL2A.ST	TELE2 -A-
TEL2B.ST	Tele2 Ab
TELC-B.ST	Teleca Ab
TELCB.ST	Teleca Ab
TELO.ST	Telenor ASA
TETY.ST	Tethys Oil AB
TGSO.ST	TGS-NOPEC Geophysical Company ASA
THALB.ST	Hifab Group AB
THK-B.ST	THENBERG&KINDE -B-
THK-TR-B.ST	T&K FOND RTS 13/B
TICK.ST	Ticket Travel Group AB
TIEN.ST	TietoEnator Oyj
TIGR.ST	TIGRAN TECHNOLOG.
TILG.ST	Tilgin AB
TLSN.ST	Teliasonera Ab
TOWO.ST	TOWORK SVERIGE
TP.ST	Travelpartner AB
TPEP.ST	Tripep Holding AB
TRAC-B.ST	Traction AB
TRACB.ST	Traction AB
TRAD.ST	TradeDoubler AB
TRAN-B.ST	TRANSFERATOR -B-
TRAT-B.ST	TRACTECHNOLOGY -B-
TREL-B.ST	Trelleborg AB
TRELB.ST	Trelleborg AB
TRIA.ST	TRIMERA
TRIC.ST	Tricorona Ab
TRTI.ST	TRETTI
TRUE-B.ST	TRUE HEADING -B-
TTSO.ST	BLOM
TWW-SDB-A.ST	TRANSCOM WW -A- SDR
TWW-SDB-B.ST	Transcom Worldwide SA
UFLX-B.ST	Uniflex AB
ULYS.ST	ULYSS
UNIB-SDB.ST	Unibet Group Plc
UTG.ST	UNL TRAVEL GROUP
VALU.ST	VALUETREE HLDNGS
VARY.ST	Varyag Resources AB
VBG-B.ST	VBG AB
VBGB.ST	VBG AB
VEND-B.ST	VENDATOR -B-
VFS-B.ST	VARML FIN SVE -B-
VICP.ST	VICTORIA PARK
VINO.ST	VINOVO
VIT-B.ST	VITEC SOFTWA GR -B-
VITB.ST	VITEC I UMEA -B-
VITR.ST	Vitrolife AB
VKG.ST	VKG Energy Services AB
VNIL-SDB.ST	VOST NAFTA INV SDB
VNV.ST	VITA NOVA VENTURES
VOLV-A.ST	VOLVO -A-
VOLV-B.ST	Volvo AB
VOLVA.ST	VOLVO -A-
VOLVB.ST	Volvo AB
VRG-B.ST	Venue Retail Group AB
WAFV-B.ST	Boras Wafveri AB
WAFVB.ST	Boras Wafveri AB
WALL-B.ST	Wallenstam Byggn
WALLB.ST	Wallenstam Byggn
WCSI.ST	WORLD CLASS INT
WEDB.ST	Venue Retail Group AB
WESC-BTA.ST	WESC I12
WESC.ST	WESC
WESTB.ST	Elos AB
WIHL.ST	Wihlborgs Fastigheter AB
WIKM.ST	WIKING MINERAL
WILSO.ST	BWG HOMES
WINT.ST	WEST INTERNATIONAL
WISE.ST	WISE GROUP
WJET.ST	WATER JET SWEDEN
WNT-TR.ST	WNTRESEARCH RTS13
WSAB-B.ST	WHITE SHARK -B-
WSIB-SDB.ST	West Siberian Resources Ltd.
XANO-B.ST	Xano Industri
XCG-B.ST	XTRACOM CONSUL -B-
XPON.ST	Xponcard Group Ab
XRF-B.ST	XRF ANALYTICAL  -B-
XTRA.ST	Xtranet Gruppen i Stockholm AB
YARO.ST	Yara International ASA
YILD-B.ST	YIELD -B-
